1,Yes We Cam
2,HUGO BOSS
3,OMIA WATER FAMILY
4,GROUPE APICIL
5,PRB
6,BUREAU VALLEE 2
7,LinkedOut
8,Maitre CoQ IV
9,SEAEXPLORER
10,ARKEA PAPREC
11,APIVIA
12,INITIATIVES-COEUR
13,PURE - Best Western
14,V and B-MAYENNE
15,CORUM LEPARGNE
16,MACSF
17,LA FABRIQUE
18,PRYSMIAN GROUP
19,BANQUE POPULAIRE X
20,DMG MORI Global One
21,TIME FOR OCEANS
22,LA MIE CALINE - ARTISANS ARTIPOLE
23,MEDALLIA
24,ONE PLANET ONE OCEAN
25,GROUPE SE BTIN
26,STARK
29,CAMPAGNE DE FRANCE
28,TSE - 4MYPLANET
29,L OCCITANE EN PROVENCE
30,Compagnie du Lit Jiliti
31,MERCI
32,NEWREST - ART FENETRES
33,CHARAL
